{"cameraMode":{"drawMode":0,"name":"Shaded","section":"Shading Mode"},"sceneLighting":false,"audioPlay":false,"sceneViewState":{"m_AlwaysRefresh":false,"showFog":true,"showSkybox":false,"showFlares":true,"showImageEffects":true,"showParticleSystems":true,"showVisualEffectGraphs":true,"m_FxEnabled":true},"in2DMode":false,"pivot":{"x":2.0799999237060549,"y":0.4700000286102295,"z":-11.699999809265137},"rotation":{"x":0.07301997393369675,"y":-0.49655622243881228,"z":0.04194662347435951,"w":0.8639406561851502},"size":0.8660253882408142,"orthographic":false}