{"cameraMode":{"drawMode":0,"name":"Shaded","section":"Shading Mode"},"sceneLighting":false,"audioPlay":false,"sceneViewState":{"m_AlwaysRefresh":false,"showFog":true,"showSkybox":false,"showFlares":true,"showImageEffects":true,"showParticleSystems":true,"showVisualEffectGraphs":true,"m_FxEnabled":true},"in2DMode":false,"pivot":{"x":0.5046577453613281,"y":-0.20249494910240174,"z":-20.169837951660158},"rotation":{"x":0.07301997393369675,"y":-0.49655622243881228,"z":0.04194662347435951,"w":0.8639406561851502},"size":70.71067810058594,"orthographic":false}