{"cameraMode":{"drawMode":0,"name":"Shaded","section":"Shading Mode"},"sceneLighting":true,"audioPlay":false,"sceneViewState":{"m_AlwaysRefresh":false,"showFog":true,"showSkybox":true,"showFlares":true,"showImageEffects":true,"showParticleSystems":true,"showVisualEffectGraphs":true,"m_FxEnabled":true},"in2DMode":false,"pivot":{"x":0.5424444079399109,"y":1.0042636394500733,"z":-19.848051071166993},"rotation":{"x":0.05226568505167961,"y":-0.2478431761264801,"z":0.01348747219890356,"w":0.9673360586166382},"size":1.8247449398040772,"orthographic":false}