{"cameraMode":{"drawMode":0,"name":"Shaded","section":"Shading Mode"},"sceneLighting":true,"audioPlay":false,"sceneViewState":{"m_AlwaysRefresh":false,"showFog":true,"showSkybox":true,"showFlares":true,"showImageEffects":true,"showParticleSystems":true,"showVisualEffectGraphs":true,"m_FxEnabled":true},"in2DMode":false,"pivot":{"x":-0.10936781018972397,"y":2.762507438659668,"z":-23.500980377197267},"rotation":{"x":-0.0016628834418952466,"y":-0.9983245134353638,"z":0.03145386651158333,"w":-0.0494781956076622},"size":2.6377382278442385,"orthographic":false}