{"cameraMode":{"drawMode":0,"name":"Shaded","section":"Shading Mode"},"sceneLighting":true,"audioPlay":false,"sceneViewState":{"m_AlwaysRefresh":false,"showFog":true,"showSkybox":true,"showFlares":true,"showImageEffects":true,"showParticleSystems":true,"showVisualEffectGraphs":true,"m_FxEnabled":true},"in2DMode":false,"pivot":{"x":-18.723703384399415,"y":6.392332077026367,"z":37.65126419067383},"rotation":{"x":-0.14941111207008363,"y":-0.02099691703915596,"z":0.003469175426289439,"w":-0.9886229038238525},"size":16.126976013183595,"orthographic":false}